Workbook

Sheet README
A1: Grid independence study - successive refinement (SUPER-ELLIPSE profile, hybrid HLL/HLLC open-plume solver, order 1, 40,000 iterations)
A2: No fixed base mesh: every mesh is compared with the previous (next coarser) mesh in its own study.
A3: Coarse study: 105x28x77 -> 195x52x143 (levels -30% ... +30% of 150x40x110). Fine study: 180x45x139 -> 320x80x246 (levels -10% ... +60% of 200x50x154).
A4: Sheets: *_values = raw values per mesh; *_successive_% = % change vs previous mesh (formulas); *_fields_successive = whole-field change vs previous mesh.
A5: Recommended grid-independence quantities: inlet mass flow and wall-pressure thrust (exit-plane values pick up the unsteady flow at the lip).
A6: Residual row: final relative residual, not a physical property; its % change is not meaningful.
A7: Plume 1st cell rows (axis values): peak = axis Mach maximum between x = 3 and 7.5 m; closing shock = steepest axial Mach drop after the peak (before x = 8.5 m);
A8: 'behind closing shock' = minimum axis Mach (and the corresponding T, rho) and maximum axis pressure within 1.5 m downstream of that shock. Lip of the nozzle is at x = 3 m.

Sheet Coarse_values
A1: Coarse mesh study (SUPER-ELLIPSE profile, hybrid HLL/HLLC solver) - values per mesh
A3: Property | B3: -30% 105x28x77 | C3: -20% 120x32x88 | D3: -10% 135x36x99 | E3: 0% 150x40x110 | F3: +10% 165x44x121 | G3: +20% 180x48x132 | H3: +30% 195x52x143
A4: Cells [-] | B4: 5096 | C4: 6656 | D4: 8424 | E4: 10400 | F4: 12584 | G4: 14976 | H4: 17576
A5: Mass flow, inlet [kg/s] | B5: 2307.93 | C5: 2316.46 | D5: 2323.54 | E5: 2329.49 | F5: 2333.55 | G5: 2338.01 | H5: 2341.86
A6: Mass flow, exit plane [kg/s] | B6: 2319.54 | C6: 2330.4 | D6: 2353.78 | E6: 2362.78 | F6: 2356.18 | G6: 2382.62 | H6: 2405.64
A7: Thrust, wall-pressure method [N] | B7: 4233050 | C7: 4248380 | D7: 4230240 | E7: 4277730 | F7: 4252790 | G7: 4238100 | H7: 4265120
A8: Thrust, exit-plane method [N] | B8: 4028870 | C8: 4058670 | D8: 4101210 | E8: 4117500 | F8: 4123430 | G8: 4159090 | H8: 4188900
A9: Specific impulse Isp [s] | B9: 177.117 | C9: 177.596 | D9: 177.674 | E9: 177.701 | F9: 178.455 | G9: 178.001 | H9: 177.561
A10: Discharge coefficient Cd [-] | B10: 0.952033 | C10: 0.95649 | D10: 0.966085 | E10: 0.969781 | F10: 0.967072 | G10: 0.977921 | H10: 0.987371
A11: Exit-axis Mach [-] | B11: 2.394 | C11: 2.386 | D11: 2.379 | E11: 2.374 | F11: 2.37 | G11: 2.366 | H11: 2.363
A12: Exit-axis temperature [K] | B12: 1601 | C12: 1607 | D12: 1612 | E12: 1616 | F12: 1619 | G12: 1622 | H12: 1624
A13: Exit-axis pressure [Pa] | B13: 187840 | C13: 192440 | D13: 196080 | E13: 199030 | F13: 201400 | G13: 203400 | H13: 205080
A14: Exit-axis velocity [m/s] | B14: 1858.2 | C14: 1855.2 | D14: 1852.7 | E14: 1850.7 | F14: 1849 | G14: 1847.6 | H14: 1846.5
A15: Exit-axis density [kg/m3] | B15: 0.408628 | C15: 0.417075 | D15: 0.42372 | E15: 0.429044 | F15: 0.433303 | G15: 0.436894 | H15: 0.4399
... A31: Final relative residual [-] | B31: 0.01893 | C31: 0.02771 | D31: 0.03302 | E31: 0.04226 | F31: 0.03143 | G31: 0.03207 | H31: 0.04719
A33: Blue = values read from each run's JSON output (sweep folder). 'Exit-axis density' = centreline cell at the nozzle exit. Plume 1st-cell definitions: see README.

Sheet Coarse_successive_%
A1: Coarse mesh study - % change relative to the PREVIOUS (next coarser) mesh: 100*(this - previous)/previous
A3: Property | B3: -30% -> -20% | C3: -20% -> -10% | D3: -10% -> 0% | E3: 0% -> +10% | F3: +10% -> +20% | G3: +20% -> +30%
A4: =Coarse_values!A4 -> Cells [-] | B4: =IFERROR((Coarse_values!C4-Coarse_values!B4)/ABS(Coarse_values!B4),"") -> 0.30612245 | C4: =IFERROR((Coarse_values!D4-Coarse_values!C4)/ABS(Coarse_values!C4),"") -> 0.265625 | D4: =IFERROR((Coarse_values!E4-Coarse_values!D4)/ABS(Coarse_values!D4),"") -> 0.2345679 | E4: =IFERROR((Coarse_values!F4-Coarse_values!E4)/ABS(Coarse_values!E4),"") -> 0.21 | F4: =IFERROR((Coarse_values!G4-Coarse_values!F4)/ABS(Coarse_values!F4),"") -> 0.19008264 | G4: =IFERROR((Coarse_values!H4-Coarse_values!G4)/ABS(Coarse_values!G4),"") -> 0.17361111
A5: =Coarse_values!A5 -> Mass flow, inlet [kg/s] | B5: =IFERROR((Coarse_values!C5-Coarse_values!B5)/ABS(Coarse_values!B5),"") -> 0.0036959527 | C5: =IFERROR((Coarse_values!D5-Coarse_values!C5)/ABS(Coarse_values!C5),"") -> 0.0030563878 | D5: =IFERROR((Coarse_values!E5-Coarse_values!D5)/ABS(Coarse_values!D5),"") -> 0.0025607478 | E5: =IFERROR((Coarse_values!F5-Coarse_values!E5)/ABS(Coarse_values!E5),"") -> 0.0017428708 | F5: =IFERROR((Coarse_values!G5-Coarse_values!F5)/ABS(Coarse_values!F5),"") -> 0.0019112511 | G5: =IFERROR((Coarse_values!H5-Coarse_values!G5)/ABS(Coarse_values!G5),"") -> 0.0016466995
A6: =Coarse_values!A6 -> Mass flow, exit plane [kg/s] | B6: =IFERROR((Coarse_values!C6-Coarse_values!B6)/ABS(Coarse_values!B6),"") -> 0.0046819628 | C6: =IFERROR((Coarse_values!D6-Coarse_values!C6)/ABS(Coarse_values!C6),"") -> 0.010032612 | D6: =IFERROR((Coarse_values!E6-Coarse_values!D6)/ABS(Coarse_values!D6),"") -> 0.0038236369 | E6: =IFERROR((Coarse_values!F6-Coarse_values!E6)/ABS(Coarse_values!E6),"") -> -0.0027933197 | F6: =IFERROR((Coarse_values!G6-Coarse_values!F6)/ABS(Coarse_values!F6),"") -> 0.011221554 | G6: =IFERROR((Coarse_values!H6-Coarse_values!G6)/ABS(Coarse_values!G6),"") -> 0.009661633
A7: =Coarse_values!A7 -> Thrust, wall-pressure method [N] | B7: =IFERROR((Coarse_values!C7-Coarse_values!B7)/ABS(Coarse_values!B7),"") -> 0.0036215022 | C7: =IFERROR((Coarse_values!D7-Coarse_values!C7)/ABS(Coarse_values!C7),"") -> -0.0042698629 | D7: =IFERROR((Coarse_values!E7-Coarse_values!D7)/ABS(Coarse_values!D7),"") -> 0.011226313 | E7: =IFERROR((Coarse_values!F7-Coarse_values!E7)/ABS(Coarse_values!E7),"") -> -0.005830195 | F7: =IFERROR((Coarse_values!G7-Coarse_values!F7)/ABS(Coarse_values!F7),"") -> -0.003454203 | G7: =IFERROR((Coarse_values!H7-Coarse_values!G7)/ABS(Coarse_values!G7),"") -> 0.0063754985
A8: =Coarse_values!A8 -> Thrust, exit-plane method [N] | B8: =IFERROR((Coarse_values!C8-Coarse_values!B8)/ABS(Coarse_values!B8),"") -> 0.0073966149 | C8: =IFERROR((Coarse_values!D8-Coarse_values!C8)/ABS(Coarse_values!C8),"") -> 0.010481266 | D8: =IFERROR((Coarse_values!E8-Coarse_values!D8)/ABS(Coarse_values!D8),"") -> 0.0039719985 | E8: =IFERROR((Coarse_values!F8-Coarse_values!E8)/ABS(Coarse_values!E8),"") -> 0.0014401943 | F8: =IFERROR((Coarse_values!G8-Coarse_values!F8)/ABS(Coarse_values!F8),"") -> 0.00864814 | G8: =IFERROR((Coarse_values!H8-Coarse_values!G8)/ABS(Coarse_values!G8),"") -> 0.0071674333
A9: =Coarse_values!A9 -> Specific impulse Isp [s] | B9: =IFERROR((Coarse_values!C9-Coarse_values!B9)/ABS(Coarse_values!B9),"") -> 0.002704427 | C9: =IFERROR((Coarse_values!D9-Coarse_values!C9)/ABS(Coarse_values!C9),"") -> 0.00043919908 | D9: =IFERROR((Coarse_values!E9-Coarse_values!D9)/ABS(Coarse_values!D9),"") -> 0.00015196371 | E9: =IFERROR((Coarse_values!F9-Coarse_values!E9)/ABS(Coarse_values!E9),"") -> 0.0042430825 | F9: =IFERROR((Coarse_values!G9-Coarse_values!F9)/ABS(Coarse_values!F9),"") -> -0.0025440587 | G9: =IFERROR((Coarse_values!H9-Coarse_values!G9)/ABS(Coarse_values!G9),"") -> -0.0024718962
A10: =Coarse_values!A10 -> Discharge coefficient Cd [-] | B10: =IFERROR((Coarse_values!C10-Coarse_values!B10)/ABS(Coarse_values!B10),"") -> 0.0046815604 | C10: =IFERROR((Coarse_values!D10-Coarse_values!C10)/ABS(Coarse_values!C10),"") -> 0.010031469 | D10: =IFERROR((Coarse_values!E10-Coarse_values!D10)/ABS(Coarse_values!D10),"") -> 0.0038257503 | E10: =IFERROR((Coarse_values!F10-Coarse_values!E10)/ABS(Coarse_values!E10),"") -> -0.0027934142 | F10: =IFERROR((Coarse_values!G10-Coarse_values!F10)/ABS(Coarse_values!F10),"") -> 0.011218399 | G10: =IFERROR((Coarse_values!H10-Coarse_values!G10)/ABS(Coarse_values!G10),"") -> 0.0096633573
A11: =Coarse_values!A11 -> Exit-axis Mach [-] | B11: =IFERROR((Coarse_values!C11-Coarse_values!B11)/ABS(Coarse_values!B11),"") -> -0.0033416876 | C11: =IFERROR((Coarse_values!D11-Coarse_values!C11)/ABS(Coarse_values!C11),"") -> -0.0029337804 | D11: =IFERROR((Coarse_values!E11-Coarse_values!D11)/ABS(Coarse_values!D11),"") -> -0.0021017234 | E11: =IFERROR((Coarse_values!F11-Coarse_values!E11)/ABS(Coarse_values!E11),"") -> -0.00168492 | F11: =IFERROR((Coarse_values!G11-Coarse_values!F11)/ABS(Coarse_values!F11),"") -> -0.0016877637 | G11: =IFERROR((Coarse_values!H11-Coarse_values!G11)/ABS(Coarse_values!G11),"") -> -0.0012679628
A12: =Coarse_values!A12 -> Exit-axis temperature [K] | B12: =IFERROR((Coarse_values!C12-Coarse_values!B12)/ABS(Coarse_values!B12),"") -> 0.0037476577 | C12: =IFERROR((Coarse_values!D12-Coarse_values!C12)/ABS(Coarse_values!C12),"") -> 0.0031113877 | D12: =IFERROR((Coarse_values!E12-Coarse_values!D12)/ABS(Coarse_values!D12),"") -> 0.0024813896 | E12: =IFERROR((Coarse_values!F12-Coarse_values!E12)/ABS(Coarse_values!E12),"") -> 0.0018564356 | F12: =IFERROR((Coarse_values!G12-Coarse_values!F12)/ABS(Coarse_values!F12),"") -> 0.0018529957 | G12: =IFERROR((Coarse_values!H12-Coarse_values!G12)/ABS(Coarse_values!G12),"") -> 0.0012330456
A13: =Coarse_values!A13 -> Exit-axis pressure [Pa] | B13: =IFERROR((Coarse_values!C13-Coarse_values!B13)/ABS(Coarse_values!B13),"") -> 0.024488927 | C13: =IFERROR((Coarse_values!D13-Coarse_values!C13)/ABS(Coarse_values!C13),"") -> 0.018914986 | D13: =IFERROR((Coarse_values!E13-Coarse_values!D13)/ABS(Coarse_values!D13),"") -> 0.01504488 | E13: =IFERROR((Coarse_values!F13-Coarse_values!E13)/ABS(Coarse_values!E13),"") -> 0.011907753 | F13: =IFERROR((Coarse_values!G13-Coarse_values!F13)/ABS(Coarse_values!F13),"") -> 0.0099304866 | G13: =IFERROR((Coarse_values!H13-Coarse_values!G13)/ABS(Coarse_values!G13),"") -> 0.008259587
A14: =Coarse_values!A14 -> Exit-axis velocity [m/s] | B14: =IFERROR((Coarse_values!C14-Coarse_values!B14)/ABS(Coarse_values!B14),"") -> -0.0016144656 | C14: =IFERROR((Coarse_values!D14-Coarse_values!C14)/ABS(Coarse_values!C14),"") -> -0.0013475636 | D14: =IFERROR((Coarse_values!E14-Coarse_values!D14)/ABS(Coarse_values!D14),"") -> -0.0010795056 | E14: =IFERROR((Coarse_values!F14-Coarse_values!E14)/ABS(Coarse_values!E14),"") -> -0.00091857135 | F14: =IFERROR((Coarse_values!G14-Coarse_values!F14)/ABS(Coarse_values!F14),"") -> -0.00075716604 | G14: =IFERROR((Coarse_values!H14-Coarse_values!G14)/ABS(Coarse_values!G14),"") -> -0.00059536696
A15: =Coarse_values!A15 -> Exit-axis density [kg/m3] | B15: =IFERROR((Coarse_values!C15-Coarse_values!B15)/ABS(Coarse_values!B15),"") -> 0.020671613 | C15: =IFERROR((Coarse_values!D15-Coarse_values!C15)/ABS(Coarse_values!C15),"") -> 0.015932386 | D15: =IFERROR((Coarse_values!E15-Coarse_values!D15)/ABS(Coarse_values!D15),"") -> 0.012564901 | E15: =IFERROR((Coarse_values!F15-Coarse_values!E15)/ABS(Coarse_values!E15),"") -> 0.0099267208 | F15: =IFERROR((Coarse_values!G15-Coarse_values!F15)/ABS(Coarse_values!F15),"") -> 0.0082875032 | G15: =IFERROR((Coarse_values!H15-Coarse_values!G15)/ABS(Coarse_values!G15),"") -> 0.0068803875
... A31: =Coarse_values!A31 -> Final relative residual [-] | B31: =IFERROR((Coarse_values!C31-Coarse_values!B31)/ABS(Coarse_values!B31),"") -> 0.46381405 | C31: =IFERROR((Coarse_values!D31-Coarse_values!C31)/ABS(Coarse_values!C31),"") -> 0.19162757 | D31: =IFERROR((Coarse_values!E31-Coarse_values!D31)/ABS(Coarse_values!D31),"") -> 0.27983041 | E31: =IFERROR((Coarse_values!F31-Coarse_values!E31)/ABS(Coarse_values!E31),"") -> -0.25627071 | F31: =IFERROR((Coarse_values!G31-Coarse_values!F31)/ABS(Coarse_values!F31),"") -> 0.020362711 | G31: =IFERROR((Coarse_values!H31-Coarse_values!G31)/ABS(Coarse_values!G31),"") -> 0.47146866

Sheet Coarse_fields_successive
A1: Coarse mesh study - whole-field change relative to the PREVIOUS mesh (mean |difference| as % of the previous mesh's field range)
A3: Region / property | B3: -30% -> -20% | C3: -20% -> -10% | D3: -10% -> 0% | E3: 0% -> +10% | F3: +10% -> +20% | G3: +20% -> +30%
A4: Nozzle: Mach | B4: 0.0884 | C4: 0.0826 | D4: 0.0672 | E4: 0.0532 | F4: 0.0545 | G4: 0.0347
A5: Nozzle: Pressure | B5: 0.2008 | C5: 0.1585 | D5: 0.1283 | E5: 0.0911 | F5: 0.0919 | G5: 0.0781
A6: Nozzle: Temperature | B6: 0.1212 | C6: 0.1037 | D6: 0.0814 | E6: 0.0606 | F6: 0.0671 | G6: 0.0479
A7: Nozzle: Density | B7: 0.2318 | C7: 0.1822 | D7: 0.1468 | E7: 0.103 | F7: 0.1048 | G7: 0.0887
A8: Nozzle: Velocity | B8: 0.09 | C8: 0.0807 | D8: 0.0724 | E8: 0.0549 | F8: 0.0563 | G8: 0.0386
A9: Plume 1st cell: Mach | B9: 1.07 | C9: 2.0589 | D9: 2.1006 | E9: 2.4959 | F9: 2.3636 | G9: 1.3051
A10: Plume 1st cell: Pressure | B10: 2.3618 | C10: 4.1043 | D10: 4.3856 | E10: 4.7991 | F10: 4.7868 | G10: 2.8166
A11: Plume 1st cell: Temperature | B11: 2.3369 | C11: 4.3076 | D11: 4.2593 | E11: 4.1306 | F11: 3.4349 | G11: 2.0863
A12: Plume 1st cell: Density | B12: 1.9361 | C12: 4.0081 | D12: 3.9951 | E12: 4.4598 | F12: 4.7952 | G12: 4.7393
A13: Plume 1st cell: Velocity | B13: 0.9872 | C13: 1.9021 | D13: 2.079 | E13: 2.3461 | F13: 2.269 | G13: 1.3911
A14: Plume: Mach | B14: 3.9869 | C14: 2.7551 | D14: 3.3418 | E14: 7.4928 | F14: 4.8699 | G14: 7.5816
A15: Plume: Pressure | B15: 9.4503 | C15: 5.5025 | D15: 6.2814 | E15: 15.3844 | F15: 6.6137 | G15: 22.0708
... A18: Plume: Velocity | B18: 4.6068 | C18: 2.9754 | D18: 3.7252 | E18: 9.0079 | F18: 5.8823 | G18: 10.2004
A20: Computed in Python: the finer mesh's field is linearly interpolated (scipy griddata) onto the previous mesh's cell centres; values are in % of field range (not fractions). Nozzle = x <= 3 m (L_div); plume 1st cell = from the lip (x = 3 m) to the end of the 1st cell of the previous mesh; plume = all x > 3 m.
A21: Plume rows beyond the first shock cell include the pseudo-time cycle of the 2nd cell (see analysis/second_cell_cycle.png), so they are not a pure grid effect.

Sheet Fine_values
A1: Fine mesh study (SUPER-ELLIPSE profile, hybrid HLL/HLLC solver) - values per mesh
A3: Property | B3: -10% 180x45x139 | C3: 0% 200x50x154 | D3: +10% 220x55x169 | E3: +20% 240x60x185 | F3: +30% 260x65x200 | G3: +40% 280x70x216 | H3: +50% 300x75x231 | I3: +60% 320x80x246
A4: Cells [-] | B4: 14355 | C4: 17700 | D4: 21395 | E4: 25500 | F4: 29900 | G4: 34720 | H4: 39825 | I4: 45280
A5: Mass flow, inlet [kg/s] | B5: 2337.43 | C5: 2342.26 | D5: 2346.32 | E5: 2349.8 | F5: 2352.78 | G5: 2355.39 | H5: 2357.68 | I5: 2359.7
A6: Mass flow, exit plane [kg/s] | B6: 2365.21 | C6: 2397.48 | D6: 2422.95 | E6: 2411.42 | F6: 2413.67 | G6: 2450.41 | H6: 2479.99 | I6: 2418.75
A7: Thrust, wall-pressure method [N] | B7: 4279100 | C7: 4255240 | D7: 4295960 | E7: 4352360 | F7: 4362080 | G7: 4309560 | H7: 4379080 | I7: 4391740
A8: Thrust, exit-plane method [N] | B8: 4137630 | C8: 4181430 | D8: 4216670 | E8: 4213340 | F8: 4224630 | G8: 4263150 | H8: 4315040 | I8: 4256870
A9: Specific impulse Isp [s] | B9: 178.386 | C9: 177.848 | D9: 177.462 | E9: 178.17 | F9: 178.481 | G9: 177.407 | H9: 177.425 | I9: 179.465
A10: Discharge coefficient Cd [-] | B10: 0.970777 | C10: 0.984022 | D10: 0.994474 | E10: 0.989742 | F10: 0.990665 | G10: 1.00574 | H10: 1.01789 | I10: 0.992752
A11: Exit-axis Mach [-] | B11: 2.368 | C11: 2.364 | D11: 2.36 | E11: 2.358 | F11: 2.356 | G11: 2.354 | H11: 2.352 | I11: 2.351
A12: Exit-axis temperature [K] | B12: 1621 | C12: 1624 | D12: 1626 | E12: 1628 | F12: 1630 | G12: 1631 | H12: 1632 | I12: 1633
A13: Exit-axis pressure [Pa] | B13: 202780 | C13: 205000 | D13: 206800 | E13: 208290 | F13: 209530 | G13: 210590 | H13: 211500 | I13: 212300
A14: Exit-axis velocity [m/s] | B14: 1848.3 | C14: 1846.7 | D14: 1845.5 | E14: 1844.6 | F14: 1843.8 | G14: 1843.1 | H14: 1842.5 | I14: 1842
A15: Exit-axis density [kg/m3] | B15: 0.435856 | C15: 0.439832 | D15: 0.443042 | E15: 0.445684 | F15: 0.447891 | G15: 0.449767 | H15: 0.451382 | I15: 0.452788
... A31: Final relative residual [-] | B31: 0.04231 | C31: 0.04679 | D31: 0.03504 | E31: 0.04032 | F31: 0.08096 | G31: 0.04817 | H31: 0.04542 | I31: 0.0517
A33: Blue = values read from each run's JSON output (sweep folder). 'Exit-axis density' = centreline cell at the nozzle exit. Plume 1st-cell definitions: see README.

Sheet Fine_successive_%
A1: Fine mesh study - % change relative to the PREVIOUS (next coarser) mesh: 100*(this - previous)/previous
A3: Property | B3: -10% -> 0% | C3: 0% -> +10% | D3: +10% -> +20% | E3: +20% -> +30% | F3: +30% -> +40% | G3: +40% -> +50% | H3: +50% -> +60%
A4: =Fine_values!A4 -> Cells [-] | B4: =IFERROR((Fine_values!C4-Fine_values!B4)/ABS(Fine_values!B4),"") -> 0.23301985 | C4: =IFERROR((Fine_values!D4-Fine_values!C4)/ABS(Fine_values!C4),"") -> 0.20875706 | D4: =IFERROR((Fine_values!E4-Fine_values!D4)/ABS(Fine_values!D4),"") -> 0.19186726 | E4: =IFERROR((Fine_values!F4-Fine_values!E4)/ABS(Fine_values!E4),"") -> 0.17254902 | F4: =IFERROR((Fine_values!G4-Fine_values!F4)/ABS(Fine_values!F4),"") -> 0.16120401 | G4: =IFERROR((Fine_values!H4-Fine_values!G4)/ABS(Fine_values!G4),"") -> 0.14703341 | H4: =IFERROR((Fine_values!I4-Fine_values!H4)/ABS(Fine_values!H4),"") -> 0.13697426
A5: =Fine_values!A5 -> Mass flow, inlet [kg/s] | B5: =IFERROR((Fine_values!C5-Fine_values!B5)/ABS(Fine_values!B5),"") -> 0.002066372 | C5: =IFERROR((Fine_values!D5-Fine_values!C5)/ABS(Fine_values!C5),"") -> 0.0017333686 | D5: =IFERROR((Fine_values!E5-Fine_values!D5)/ABS(Fine_values!D5),"") -> 0.0014831737 | E5: =IFERROR((Fine_values!F5-Fine_values!E5)/ABS(Fine_values!E5),"") -> 0.001268193 | F5: =IFERROR((Fine_values!G5-Fine_values!F5)/ABS(Fine_values!F5),"") -> 0.001109326 | G5: =IFERROR((Fine_values!H5-Fine_values!G5)/ABS(Fine_values!G5),"") -> 0.00097223814 | H5: =IFERROR((Fine_values!I5-Fine_values!H5)/ABS(Fine_values!H5),"") -> 0.00085677446
A6: =Fine_values!A6 -> Mass flow, exit plane [kg/s] | B6: =IFERROR((Fine_values!C6-Fine_values!B6)/ABS(Fine_values!B6),"") -> 0.013643609 | C6: =IFERROR((Fine_values!D6-Fine_values!C6)/ABS(Fine_values!C6),"") -> 0.010623655 | D6: =IFERROR((Fine_values!E6-Fine_values!D6)/ABS(Fine_values!D6),"") -> -0.004758662 | E6: =IFERROR((Fine_values!F6-Fine_values!E6)/ABS(Fine_values!E6),"") -> 0.00093306019 | F6: =IFERROR((Fine_values!G6-Fine_values!F6)/ABS(Fine_values!F6),"") -> 0.015221633 | G6: =IFERROR((Fine_values!H6-Fine_values!G6)/ABS(Fine_values!G6),"") -> 0.012071449 | H6: =IFERROR((Fine_values!I6-Fine_values!H6)/ABS(Fine_values!H6),"") -> -0.024693648
A7: =Fine_values!A7 -> Thrust, wall-pressure method [N] | B7: =IFERROR((Fine_values!C7-Fine_values!B7)/ABS(Fine_values!B7),"") -> -0.0055759389 | C7: =IFERROR((Fine_values!D7-Fine_values!C7)/ABS(Fine_values!C7),"") -> 0.009569378 | D7: =IFERROR((Fine_values!E7-Fine_values!D7)/ABS(Fine_values!D7),"") -> 0.013128614 | E7: =IFERROR((Fine_values!F7-Fine_values!E7)/ABS(Fine_values!E7),"") -> 0.0022332711 | F7: =IFERROR((Fine_values!G7-Fine_values!F7)/ABS(Fine_values!F7),"") -> -0.012040128 | G7: =IFERROR((Fine_values!H7-Fine_values!G7)/ABS(Fine_values!G7),"") -> 0.016131577 | H7: =IFERROR((Fine_values!I7-Fine_values!H7)/ABS(Fine_values!H7),"") -> 0.0028910182
A8: =Fine_values!A8 -> Thrust, exit-plane method [N] | B8: =IFERROR((Fine_values!C8-Fine_values!B8)/ABS(Fine_values!B8),"") -> 0.01058577 | C8: =IFERROR((Fine_values!D8-Fine_values!C8)/ABS(Fine_values!C8),"") -> 0.0084277388 | D8: =IFERROR((Fine_values!E8-Fine_values!D8)/ABS(Fine_values!D8),"") -> -0.0007897227 | E8: =IFERROR((Fine_values!F8-Fine_values!E8)/ABS(Fine_values!E8),"") -> 0.0026795844 | F8: =IFERROR((Fine_values!G8-Fine_values!F8)/ABS(Fine_values!F8),"") -> 0.0091179583 | G8: =IFERROR((Fine_values!H8-Fine_values!G8)/ABS(Fine_values!G8),"") -> 0.012171751 | H8: =IFERROR((Fine_values!I8-Fine_values!H8)/ABS(Fine_values!H8),"") -> -0.013480756
A9: =Fine_values!A9 -> Specific impulse Isp [s] | B9: =IFERROR((Fine_values!C9-Fine_values!B9)/ABS(Fine_values!B9),"") -> -0.0030159317 | C9: =IFERROR((Fine_values!D9-Fine_values!C9)/ABS(Fine_values!C9),"") -> -0.0021703927 | D9: =IFERROR((Fine_values!E9-Fine_values!D9)/ABS(Fine_values!D9),"") -> 0.0039895865 | E9: =IFERROR((Fine_values!F9-Fine_values!E9)/ABS(Fine_values!E9),"") -> 0.0017455239 | F9: =IFERROR((Fine_values!G9-Fine_values!F9)/ABS(Fine_values!F9),"") -> -0.0060174472 | G9: =IFERROR((Fine_values!H9-Fine_values!G9)/ABS(Fine_values!G9),"") -> 0.00010146161 | H9: =IFERROR((Fine_values!I9-Fine_values!H9)/ABS(Fine_values!H9),"") -> 0.011497816
A10: =Fine_values!A10 -> Discharge coefficient Cd [-] | B10: =IFERROR((Fine_values!C10-Fine_values!B10)/ABS(Fine_values!B10),"") -> 0.01364371 | C10: =IFERROR((Fine_values!D10-Fine_values!C10)/ABS(Fine_values!C10),"") -> 0.010621714 | D10: =IFERROR((Fine_values!E10-Fine_values!D10)/ABS(Fine_values!D10),"") -> -0.0047582943 | E10: =IFERROR((Fine_values!F10-Fine_values!E10)/ABS(Fine_values!E10),"") -> 0.00093256626 | F10: =IFERROR((Fine_values!G10-Fine_values!F10)/ABS(Fine_values!F10),"") -> 0.015217051 | G10: =IFERROR((Fine_values!H10-Fine_values!G10)/ABS(Fine_values!G10),"") -> 0.012080657 | H10: =IFERROR((Fine_values!I10-Fine_values!H10)/ABS(Fine_values!H10),"") -> -0.024696185
A11: =Fine_values!A11 -> Exit-axis Mach [-] | B11: =IFERROR((Fine_values!C11-Fine_values!B11)/ABS(Fine_values!B11),"") -> -0.0016891892 | C11: =IFERROR((Fine_values!D11-Fine_values!C11)/ABS(Fine_values!C11),"") -> -0.0016920474 | D11: =IFERROR((Fine_values!E11-Fine_values!D11)/ABS(Fine_values!D11),"") -> -0.00084745763 | E11: =IFERROR((Fine_values!F11-Fine_values!E11)/ABS(Fine_values!E11),"") -> -0.00084817642 | F11: =IFERROR((Fine_values!G11-Fine_values!F11)/ABS(Fine_values!F11),"") -> -0.00084889643 | G11: =IFERROR((Fine_values!H11-Fine_values!G11)/ABS(Fine_values!G11),"") -> -0.00084961767 | H11: =IFERROR((Fine_values!I11-Fine_values!H11)/ABS(Fine_values!H11),"") -> -0.00042517007
A12: =Fine_values!A12 -> Exit-axis temperature [K] | B12: =IFERROR((Fine_values!C12-Fine_values!B12)/ABS(Fine_values!B12),"") -> 0.0018507094 | C12: =IFERROR((Fine_values!D12-Fine_values!C12)/ABS(Fine_values!C12),"") -> 0.0012315271 | D12: =IFERROR((Fine_values!E12-Fine_values!D12)/ABS(Fine_values!D12),"") -> 0.0012300123 | E12: =IFERROR((Fine_values!F12-Fine_values!E12)/ABS(Fine_values!E12),"") -> 0.0012285012 | F12: =IFERROR((Fine_values!G12-Fine_values!F12)/ABS(Fine_values!F12),"") -> 0.00061349693 | G12: =IFERROR((Fine_values!H12-Fine_values!G12)/ABS(Fine_values!G12),"") -> 0.00061312078 | H12: =IFERROR((Fine_values!I12-Fine_values!H12)/ABS(Fine_values!H12),"") -> 0.0006127451
A13: =Fine_values!A13 -> Exit-axis pressure [Pa] | B13: =IFERROR((Fine_values!C13-Fine_values!B13)/ABS(Fine_values!B13),"") -> 0.010947825 | C13: =IFERROR((Fine_values!D13-Fine_values!C13)/ABS(Fine_values!C13),"") -> 0.0087804878 | D13: =IFERROR((Fine_values!E13-Fine_values!D13)/ABS(Fine_values!D13),"") -> 0.007205029 | E13: =IFERROR((Fine_values!F13-Fine_values!E13)/ABS(Fine_values!E13),"") -> 0.0059532383 | F13: =IFERROR((Fine_values!G13-Fine_values!F13)/ABS(Fine_values!F13),"") -> 0.0050589414 | G13: =IFERROR((Fine_values!H13-Fine_values!G13)/ABS(Fine_values!G13),"") -> 0.0043211928 | H13: =IFERROR((Fine_values!I13-Fine_values!H13)/ABS(Fine_values!H13),"") -> 0.0037825059
A14: =Fine_values!A14 -> Exit-axis velocity [m/s] | B14: =IFERROR((Fine_values!C14-Fine_values!B14)/ABS(Fine_values!B14),"") -> -0.00086566034 | C14: =IFERROR((Fine_values!D14-Fine_values!C14)/ABS(Fine_values!C14),"") -> -0.00064980777 | D14: =IFERROR((Fine_values!E14-Fine_values!D14)/ABS(Fine_values!D14),"") -> -0.00048767272 | E14: =IFERROR((Fine_values!F14-Fine_values!E14)/ABS(Fine_values!E14),"") -> -0.00043369836 | F14: =IFERROR((Fine_values!G14-Fine_values!F14)/ABS(Fine_values!F14),"") -> -0.00037965072 | G14: =IFERROR((Fine_values!H14-Fine_values!G14)/ABS(Fine_values!G14),"") -> -0.00032553849 | H14: =IFERROR((Fine_values!I14-Fine_values!H14)/ABS(Fine_values!H14),"") -> -0.00027137042
A15: =Fine_values!A15 -> Exit-axis density [kg/m3] | B15: =IFERROR((Fine_values!C15-Fine_values!B15)/ABS(Fine_values!B15),"") -> 0.0091222789 | C15: =IFERROR((Fine_values!D15-Fine_values!C15)/ABS(Fine_values!C15),"") -> 0.0072982411 | D15: =IFERROR((Fine_values!E15-Fine_values!D15)/ABS(Fine_values!D15),"") -> 0.0059633172 | E15: =IFERROR((Fine_values!F15-Fine_values!E15)/ABS(Fine_values!E15),"") -> 0.004951939 | F15: =IFERROR((Fine_values!G15-Fine_values!F15)/ABS(Fine_values!F15),"") -> 0.0041885191 | G15: =IFERROR((Fine_values!H15-Fine_values!G15)/ABS(Fine_values!G15),"") -> 0.0035907481 | H15: =IFERROR((Fine_values!I15-Fine_values!H15)/ABS(Fine_values!H15),"") -> 0.0031148783
... A31: =Fine_values!A31 -> Final relative residual [-] | B31: =IFERROR((Fine_values!C31-Fine_values!B31)/ABS(Fine_values!B31),"") -> 0.10588513 | C31: =IFERROR((Fine_values!D31-Fine_values!C31)/ABS(Fine_values!C31),"") -> -0.25112203 | D31: =IFERROR((Fine_values!E31-Fine_values!D31)/ABS(Fine_values!D31),"") -> 0.15068493 | E31: =IFERROR((Fine_values!F31-Fine_values!E31)/ABS(Fine_values!E31),"") -> 1.0079365 | F31: =IFERROR((Fine_values!G31-Fine_values!F31)/ABS(Fine_values!F31),"") -> -0.40501482 | G31: =IFERROR((Fine_values!H31-Fine_values!G31)/ABS(Fine_values!G31),"") -> -0.057089475 | H31: =IFERROR((Fine_values!I31-Fine_values!H31)/ABS(Fine_values!H31),"") -> 0.13826508

Sheet Fine_fields_successive
A1: Fine mesh study - whole-field change relative to the PREVIOUS mesh (mean |difference| as % of the previous mesh's field range)
A3: Region / property | B3: -10% -> 0% | C3: 0% -> +10% | D3: +10% -> +20% | E3: +20% -> +30% | F3: +30% -> +40% | G3: +40% -> +50% | H3: +50% -> +60%
A4: Nozzle: Mach | B4: 0.064 | C4: 0.035 | D4: 0.0483 | E4: 0.0266 | F4: 0.0573 | G4: 0.0258 | H4: 0.0431
A5: Nozzle: Pressure | B5: 0.0991 | C5: 0.0822 | D5: 0.0702 | E5: 0.0598 | F5: 0.053 | G5: 0.0462 | H5: 0.0413
A6: Nozzle: Temperature | B6: 0.0746 | C6: 0.049 | D6: 0.0535 | E6: 0.0336 | F6: 0.0477 | G6: 0.0295 | H6: 0.0428
A7: Nozzle: Density | B7: 0.1126 | C7: 0.093 | D7: 0.0797 | E7: 0.0674 | F7: 0.0605 | G7: 0.0517 | H7: 0.047
A8: Nozzle: Velocity | B8: 0.0648 | C8: 0.0411 | D8: 0.0523 | E8: 0.029 | F8: 0.0553 | G8: 0.0287 | H8: 0.0447
A9: Plume 1st cell: Mach | B9: 3.3513 | C9: 1.8905 | D9: 2.9743 | E9: 2.2862 | F9: 0.3855 | G9: 2.7214 | H9: 4.9643
A10: Plume 1st cell: Pressure | B10: 6.9928 | C10: 2.8648 | D10: 5.9324 | E10: 3.861 | F10: 9.8851 | G10: 4.7099 | H10: 11.156
A11: Plume 1st cell: Temperature | B11: 4.5966 | C11: 2.1462 | D11: 5.0578 | E11: 2.4096 | F11: 6.3577 | G11: 3.4002 | H11: 9.4768
A12: Plume 1st cell: Density | B12: 7.2289 | C12: 2.9645 | D12: 6.1398 | E12: 3.7524 | F12: 9.922 | G12: 4.5009 | H12: 12.2857
A13: Plume 1st cell: Velocity | B13: 3.2661 | C13: 1.8236 | D13: 2.7245 | E13: 2.1108 | F13: 3.9462 | G13: 2.4505 | H13: 5.7198
A14: Plume: Mach | B14: 7.5214 | C14: 10.653 | D14: 3.4831 | E14: 6.9612 | F14: 0.737 | G14: 6.9466 | H14: 7.8829
A15: Plume: Pressure | B15: 17.9426 | C15: 13.6999 | D15: 4.6236 | E15: 35.4076 | F15: 11.1821 | G15: 9.5948 | H15: 8.5831
... A18: Plume: Velocity | B18: 9.7786 | C18: 13.4732 | D18: 3.5128 | E18: 10.9865 | F18: 10.8353 | G18: 9.2156 | H18: 12.549
A20: Computed in Python: the finer mesh's field is linearly interpolated (scipy griddata) onto the previous mesh's cell centres; values are in % of field range (not fractions). Nozzle = x <= 3 m (L_div); plume 1st cell = from the lip (x = 3 m) to the end of the 1st cell of the previous mesh; plume = all x > 3 m.
A21: Plume rows beyond the first shock cell include the pseudo-time cycle of the 2nd cell (see analysis/second_cell_cycle.png), so they are not a pure grid effect.
